Сколько будет 0 + 0?,0
Сколько будет 0 + 1?,1
Сколько будет 0 + 2?,2
Сколько будет 0 + 3?,3
Сколько будет 0 + 4?,4
Сколько будет 0 + 5?,5
Сколько будет 0 + 6?,6
Сколько будет 0 + 7?,7
Сколько будет 0 + 8?,8
Сколько будет 0 + 9?,9
Сколько будет 0 + 10?,10
Сколько будет 0 + 11?,11
Сколько будет 0 + 12?,12
Сколько будет 0 + 13?,13
Сколько будет 0 + 14?,14
Сколько будет 0 + 15?,15
Сколько будет 0 + 16?,16
Сколько будет 0 + 17?,17
Сколько будет 0 + 18?,18
Сколько будет 0 + 19?,19
Сколько будет 0 + 20?,20
Сколько будет 1 + 0?,1
Сколько будет 1 + 1?,2
Сколько будет 1 + 2?,3
Сколько будет 1 + 3?,4
Сколько будет 1 + 4?,5
Сколько будет 1 + 5?,6
Сколько будет 1 + 6?,7
Сколько будет 1 + 7?,8
Сколько будет 1 + 8?,9
Сколько будет 1 + 9?,10
Сколько будет 1 + 10?,11
Сколько будет 1 + 11?,12
Сколько будет 1 + 12?,13
Сколько будет 1 + 13?,14
Сколько будет 1 + 14?,15
Сколько будет 1 + 15?,16
Сколько будет 1 + 16?,17
Сколько будет 1 + 17?,18
Сколько будет 1 + 18?,19
Сколько будет 1 + 19?,20
Сколько будет 2 + 0?,2
Сколько будет 2 + 1?,3
Сколько будет 2 + 2?,4
Сколько будет 2 + 3?,5
Сколько будет 2 + 4?,6
Сколько будет 2 + 5?,7
Сколько будет 2 + 6?,8
Сколько будет 2 + 7?,9
Сколько будет 2 + 8?,10
Сколько будет 2 + 9?,11
Сколько будет 2 + 10?,12
Сколько будет 2 + 11?,13
Сколько будет 2 + 12?,14
Сколько будет 2 + 13?,15
Сколько будет 2 + 14?,16
Сколько будет 2 + 15?,17
Сколько будет 2 + 16?,18
Сколько будет 2 + 17?,19
Сколько будет 2 + 18?,20
Сколько будет 3 + 0?,3
Сколько будет 3 + 1?,4
Сколько будет 3 + 2?,5
Сколько будет 3 + 3?,6
Сколько будет 3 + 4?,7
Сколько будет 3 + 5?,8
Сколько будет 3 + 6?,9
Сколько будет 3 + 7?,10
Сколько будет 3 + 8?,11
Сколько будет 3 + 9?,12
Сколько будет 3 + 10?,13
Сколько будет 3 + 11?,14
Сколько будет 3 + 12?,15
Сколько будет 3 + 13?,16
Сколько будет 3 + 14?,17
Сколько будет 3 + 15?,18
Сколько будет 3 + 16?,19
Сколько будет 3 + 17?,20
Сколько будет 4 + 0?,4
Сколько будет 4 + 1?,5
Сколько будет 4 + 2?,6
Сколько будет 4 + 3?,7
Сколько будет 4 + 4?,8
Сколько будет 4 + 5?,9
Сколько будет 4 + 6?,10
Сколько будет 4 + 7?,11
Сколько будет 4 + 8?,12
Сколько будет 4 + 9?,13
Сколько будет 4 + 10?,14
Сколько будет 4 + 11?,15
Сколько будет 4 + 12?,16
Сколько будет 4 + 13?,17
Сколько будет 4 + 14?,18
Сколько будет 4 + 15?,19
Сколько будет 4 + 16?,20
Сколько будет 5 + 0?,5
Сколько будет 5 + 1?,6
Сколько будет 5 + 2?,7
Сколько будет 5 + 3?,8
Сколько будет 5 + 4?,9
Сколько будет 5 + 5?,10
Сколько будет 5 + 6?,11
Сколько будет 5 + 7?,12
Сколько будет 5 + 8?,13
Сколько будет 5 + 9?,14
Сколько будет 5 + 10?,15
Сколько будет 5 + 11?,16
Сколько будет 5 + 12?,17
Сколько будет 5 + 13?,18
Сколько будет 5 + 14?,19
Сколько будет 5 + 15?,20
Сколько будет 6 + 0?,6
Сколько будет 6 + 1?,7
Сколько будет 6 + 2?,8
Сколько будет 6 + 3?,9
Сколько будет 6 + 4?,10
Сколько будет 6 + 5?,11
Сколько будет 6 + 6?,12
Сколько будет 6 + 7?,13
Сколько будет 6 + 8?,14
Сколько будет 6 + 9?,15
Сколько будет 6 + 10?,16
Сколько будет 6 + 11?,17
Сколько будет 6 + 12?,18
Сколько будет 6 + 13?,19
Сколько будет 6 + 14?,20
Сколько будет 7 + 0?,7
Сколько будет 7 + 1?,8
Сколько будет 7 + 2?,9
Сколько будет 7 + 3?,10
Сколько будет 7 + 4?,11
Сколько будет 7 + 5?,12
Сколько будет 7 + 6?,13
Сколько будет 7 + 7?,14
Сколько будет 7 + 8?,15
Сколько будет 7 + 9?,16
Сколько будет 7 + 10?,17
Сколько будет 7 + 11?,18
Сколько будет 7 + 12?,19
Сколько будет 7 + 13?,20
Сколько будет 8 + 0?,8
Сколько будет 8 + 1?,9
Сколько будет 8 + 2?,10
Сколько будет 8 + 3?,11
Сколько будет 8 + 4?,12
Сколько будет 8 + 5?,13
Сколько будет 8 + 6?,14
Сколько будет 8 + 7?,15
Сколько будет 8 + 8?,16
Сколько будет 8 + 9?,17
Сколько будет 8 + 10?,18
Сколько будет 8 + 11?,19
Сколько будет 8 + 12?,20
Сколько будет 9 + 0?,9
Сколько будет 9 + 1?,10
Сколько будет 9 + 2?,11
Сколько будет 9 + 3?,12
Сколько будет 9 + 4?,13
Сколько будет 9 + 5?,14
Сколько будет 9 + 6?,15
Сколько будет 9 + 7?,16
Сколько будет 9 + 8?,17
Сколько будет 9 + 9?,18
Сколько будет 9 + 10?,19
Сколько будет 9 + 11?,20
Сколько будет 10 + 0?,10
Сколько будет 10 + 1?,11
Сколько будет 10 + 2?,12
Сколько будет 10 + 3?,13
Сколько будет 10 + 4?,14
Сколько будет 10 + 5?,15
Сколько будет 10 + 6?,16
Сколько будет 10 + 7?,17
Сколько будет 10 + 8?,18
Сколько будет 10 + 9?,19
Сколько будет 10 + 10?,20
Сколько будет 11 + 0?,11
Сколько будет 11 + 1?,12
Сколько будет 11 + 2?,13
Сколько будет 11 + 3?,14
Сколько будет 11 + 4?,15
Сколько будет 11 + 5?,16
Сколько будет 11 + 6?,17
Сколько будет 11 + 7?,18
Сколько будет 11 + 8?,19
Сколько будет 11 + 9?,20
Сколько будет 12 + 0?,12
Сколько будет 12 + 1?,13
Сколько будет 12 + 2?,14
Сколько будет 12 + 3?,15
Сколько будет 12 + 4?,16
Сколько будет 12 + 5?,17
Сколько будет 12 + 6?,18
Сколько будет 12 + 7?,19
Сколько будет 12 + 8?,20
Сколько будет 13 + 0?,13
Сколько будет 13 + 1?,14
Сколько будет 13 + 2?,15
Сколько будет 13 + 3?,16
Сколько будет 13 + 4?,17
Сколько будет 13 + 5?,18
Сколько будет 13 + 6?,19
Сколько будет 13 + 7?,20
Сколько будет 14 + 0?,14
Сколько будет 14 + 1?,15
Сколько будет 14 + 2?,16
Сколько будет 14 + 3?,17
Сколько будет 14 + 4?,18
Сколько будет 14 + 5?,19
Сколько будет 14 + 6?,20
Сколько будет 15 + 0?,15
Сколько будет 15 + 1?,16
Сколько будет 15 + 2?,17
Сколько будет 15 + 3?,18
Сколько будет 15 + 4?,19
Сколько будет 15 + 5?,20
Сколько будет 16 + 0?,16
Сколько будет 16 + 1?,17
Сколько будет 16 + 2?,18
Сколько будет 16 + 3?,19
Сколько будет 16 + 4?,20
Сколько будет 17 + 0?,17
Сколько будет 17 + 1?,18
Сколько будет 17 + 2?,19
Сколько будет 17 + 3?,20
Сколько будет 18 + 0?,18
Сколько будет 18 + 1?,19
Сколько будет 18 + 2?,20
Сколько будет 19 + 0?,19
Сколько будет 19 + 1?,20
Сколько будет 20 + 0?,20
Сколько будет 0 - 0?,0
Сколько будет 1 - 0?,1
Сколько будет 1 - 1?,0
Сколько будет 2 - 0?,2
Сколько будет 2 - 1?,1
Сколько будет 2 - 2?,0
Сколько будет 3 - 0?,3
Сколько будет 3 - 1?,2
Сколько будет 3 - 2?,1
Сколько будет 3 - 3?,0
Сколько будет 4 - 0?,4
Сколько будет 4 - 1?,3
Сколько будет 4 - 2?,2
Сколько будет 4 - 3?,1
Сколько будет 4 - 4?,0
Сколько будет 5 - 0?,5
Сколько будет 5 - 1?,4
Сколько будет 5 - 2?,3
Сколько будет 5 - 3?,2
Сколько будет 5 - 4?,1
Сколько будет 5 - 5?,0
Сколько будет 6 - 0?,6
Сколько будет 6 - 1?,5
Сколько будет 6 - 2?,4
Сколько будет 6 - 3?,3
Сколько будет 6 - 4?,2
Сколько будет 6 - 5?,1
Сколько будет 6 - 6?,0
Сколько будет 7 - 0?,7
Сколько будет 7 - 1?,6
Сколько будет 7 - 2?,5
Сколько будет 7 - 3?,4
Сколько будет 7 - 4?,3
Сколько будет 7 - 5?,2
Сколько будет 7 - 6?,1
Сколько будет 7 - 7?,0
Сколько будет 8 - 0?,8
Сколько будет 8 - 1?,7
Сколько будет 8 - 2?,6
Сколько будет 8 - 3?,5
Сколько будет 8 - 4?,4
Сколько будет 8 - 5?,3
Сколько будет 8 - 6?,2
Сколько будет 8 - 7?,1
Сколько будет 8 - 8?,0
Сколько будет 9 - 0?,9
Сколько будет 9 - 1?,8
Сколько будет 9 - 2?,7
Сколько будет 9 - 3?,6
Сколько будет 9 - 4?,5
Сколько будет 9 - 5?,4
Сколько будет 9 - 6?,3
Сколько будет 9 - 7?,2
Сколько будет 9 - 8?,1
Сколько будет 9 - 9?,0
Сколько будет 10 - 0?,10
Сколько будет 10 - 1?,9
Сколько будет 10 - 2?,8
Сколько будет 10 - 3?,7
Сколько будет 10 - 4?,6
Сколько будет 10 - 5?,5
Сколько будет 10 - 6?,4
Сколько будет 10 - 7?,3
Сколько будет 10 - 8?,2
Сколько будет 10 - 9?,1
Сколько будет 10 - 10?,0
Сколько будет 11 - 0?,11
Сколько будет 11 - 1?,10
Сколько будет 11 - 2?,9
Сколько будет 11 - 3?,8
Сколько будет 11 - 4?,7
Сколько будет 11 - 5?,6
Сколько будет 11 - 6?,5
Сколько будет 11 - 7?,4
Сколько будет 11 - 8?,3
Сколько будет 11 - 9?,2
Сколько будет 11 - 10?,1
Сколько будет 11 - 11?,0
Сколько будет 12 - 0?,12
Сколько будет 12 - 1?,11
Сколько будет 12 - 2?,10
Сколько будет 12 - 3?,9
Сколько будет 12 - 4?,8
Сколько будет 12 - 5?,7
Сколько будет 12 - 6?,6
Сколько будет 12 - 7?,5
Сколько будет 12 - 8?,4
Сколько будет 12 - 9?,3
Сколько будет 12 - 10?,2
Сколько будет 12 - 11?,1
Сколько будет 12 - 12?,0
Сколько будет 13 - 0?,13
Сколько будет 13 - 1?,12
Сколько будет 13 - 2?,11
Сколько будет 13 - 3?,10
Сколько будет 13 - 4?,9
Сколько будет 13 - 5?,8
Сколько будет 13 - 6?,7
Сколько будет 13 - 7?,6
Сколько будет 13 - 8?,5
Сколько будет 13 - 9?,4
Сколько будет 13 - 10?,3
Сколько будет 13 - 11?,2
Сколько будет 13 - 12?,1
Сколько будет 13 - 13?,0
Сколько будет 14 - 0?,14
Сколько будет 14 - 1?,13
Сколько будет 14 - 2?,12
Сколько будет 14 - 3?,11
Сколько будет 14 - 4?,10
Сколько будет 14 - 5?,9
Сколько будет 14 - 6?,8
Сколько будет 14 - 7?,7
Сколько будет 14 - 8?,6
Сколько будет 14 - 9?,5
Сколько будет 14 - 10?,4
Сколько будет 14 - 11?,3
Сколько будет 14 - 12?,2
Сколько будет 14 - 13?,1
Сколько будет 14 - 14?,0
Сколько будет 15 - 0?,15
Сколько будет 15 - 1?,14
Сколько будет 15 - 2?,13
Сколько будет 15 - 3?,12
Сколько будет 15 - 4?,11
Сколько будет 15 - 5?,10
Сколько будет 15 - 6?,9
Сколько будет 15 - 7?,8
Сколько будет 15 - 8?,7
Сколько будет 15 - 9?,6
Сколько будет 15 - 10?,5
Сколько будет 15 - 11?,4
Сколько будет 15 - 12?,3
Сколько будет 15 - 13?,2
Сколько будет 15 - 14?,1
Сколько будет 15 - 15?,0
Сколько будет 16 - 0?,16
Сколько будет 16 - 1?,15
Сколько будет 16 - 2?,14
Сколько будет 16 - 3?,13
Сколько будет 16 - 4?,12
Сколько будет 16 - 5?,11
Сколько будет 16 - 6?,10
Сколько будет 16 - 7?,9
Сколько будет 16 - 8?,8
Сколько будет 16 - 9?,7
Сколько будет 16 - 10?,6
Сколько будет 16 - 11?,5
Сколько будет 16 - 12?,4
Сколько будет 16 - 13?,3
Сколько будет 16 - 14?,2
Сколько будет 16 - 15?,1
Сколько будет 16 - 16?,0
Сколько будет 17 - 0?,17
Сколько будет 17 - 1?,16
Сколько будет 17 - 2?,15
Сколько будет 17 - 3?,14
Сколько будет 17 - 4?,13
Сколько будет 17 - 5?,12
Сколько будет 17 - 6?,11
Сколько будет 17 - 7?,10
Сколько будет 17 - 8?,9
Сколько будет 17 - 9?,8
Сколько будет 17 - 10?,7
Сколько будет 17 - 11?,6
Сколько будет 17 - 12?,5
Сколько будет 17 - 13?,4
Сколько будет 17 - 14?,3
Сколько будет 17 - 15?,2
Сколько будет 17 - 16?,1
Сколько будет 17 - 17?,0
Сколько будет 18 - 0?,18
Сколько будет 18 - 1?,17
Сколько будет 18 - 2?,16
Сколько будет 18 - 3?,15
Сколько будет 18 - 4?,14
Сколько будет 18 - 5?,13
Сколько будет 18 - 6?,12
Сколько будет 18 - 7?,11
Сколько будет 18 - 8?,10
Сколько будет 18 - 9?,9
Сколько будет 18 - 10?,8
Сколько будет 18 - 11?,7
Сколько будет 18 - 12?,6
Сколько будет 18 - 13?,5
Сколько будет 18 - 14?,4
Сколько будет 18 - 15?,3
Сколько будет 18 - 16?,2
Сколько будет 18 - 17?,1
Сколько будет 18 - 18?,0
Сколько будет 19 - 0?,19
Сколько будет 19 - 1?,18
Сколько будет 19 - 2?,17
Сколько будет 19 - 3?,16
Сколько будет 19 - 4?,15
Сколько будет 19 - 5?,14
Сколько будет 19 - 6?,13
Сколько будет 19 - 7?,12
Сколько будет 19 - 8?,11
Сколько будет 19 - 9?,10
Сколько будет 19 - 10?,9
Сколько будет 19 - 11?,8
Сколько будет 19 - 12?,7
Сколько будет 19 - 13?,6
Сколько будет 19 - 14?,5
Сколько будет 19 - 15?,4
Сколько будет 19 - 16?,3
Сколько будет 19 - 17?,2
Сколько будет 19 - 18?,1
Сколько будет 19 - 19?,0
Сколько будет 20 - 0?,20
Сколько будет 20 - 1?,19
Сколько будет 20 - 2?,18
Сколько будет 20 - 3?,17
Сколько будет 20 - 4?,16
Сколько будет 20 - 5?,15
Сколько будет 20 - 6?,14
Сколько будет 20 - 7?,13
Сколько будет 20 - 8?,12
Сколько будет 20 - 9?,11
Сколько будет 20 - 10?,10
Сколько будет 20 - 11?,9
Сколько будет 20 - 12?,8
Сколько будет 20 - 13?,7
Сколько будет 20 - 14?,6
Сколько будет 20 - 15?,5
Сколько будет 20 - 16?,4
Сколько будет 20 - 17?,3
Сколько будет 20 - 18?,2
Сколько будет 20 - 19?,1
Сколько будет 20 - 20?,0